,E00,E01,E02,Month,Day,recreation_etc,study,meal,socialising,travel,hobby,work,household,entertainment,recreation_media
0,-3.4040867486966,-2.953465038434757,-2.9859853135441483,11,22,63.0,-270.0,24.0,0.0,60.0,0.0,0.0,0.0,0.0,0.0
1,-6.437897648696591,-5.987275938434749,-6.01979621354414,11,25,69.0,0.0,32.0,0.0,284.0,109.0,0.0,64.0,0.0,109.0
2,-1.1653291112668995,-0.9771772836078014,-0.8860816685434401,11,25,69.0,0.0,32.0,0.0,284.0,109.0,0.0,64.0,0.0,109.0
3,-1.8657397373037128,-2.2348356091807204,-2.131853800074964,11,17,115.0,0.0,0.0,0.0,56.0,0.0,180.0,0.0,0.0,0.0
4,-6.522833992952471,-6.199626753688207,-6.136184212272667,11,18,-602.0,0.0,36.0,0.0,292.0,0.0,0.0,72.0,0.0,0.0
5,-4.973962146437088,-4.974626598407099,-5.005868507738299,11,24,160.0,0.0,134.0,0.0,121.0,0.0,0.0,0.0,152.0,0.0
6,3.4568748375556737,3.850994200349632,3.7950399510408346,11,21,0.0,40.0,61.0,0.0,37.0,0.0,0.0,0.0,0.0,0.0
7,-6.555221630429855,-6.900467428420981,-6.813250616286069,11,20,85.0,-266.0,113.0,0.0,7.0,103.0,0.0,0.0,0.0,0.0
8,-5.929681862492018,-6.28314400115157,-6.190941310840827,11,19,41.0,-262.0,209.0,0.0,11.0,0.0,0.0,0.0,0.0,0.0
